ingredient,synonyms
turmeric powder,haldi;besar;ground turmeric
cumin powder,jeera powder;ground cumin
cumin seeds,jeera
coriander powder,dhaniya powder
red chili powder,chili powder;khursani powder;chili powder
garam masala,
salt,noon
black pepper,kali mirch;black pepppercorn;ground black pepper;fresh ground black pepper;pepper
cardamom powder,elainchi powder;ground cardamom
green cardamom,sukumel;cardamom pods;cardamom
black cardamom,alainchi
cinnamon stick,dalchini;cinnamon
cloves,lwang;clove
bay leaf,tej patta
fenugreek seeds,methi
asafoetida,hing
timur pepper,sichuan pepper;timur;nepali pepper
jimbu,himalayan herb
fennel seeds,saunf
chat masala,
black salt,birenun;kalo nun
soy sauce,
vinegar,
saffron strands,kesar
poppy seeds,khas khas
sesame seeds,til
white sesame seeds,til
dry red chili,sukeko khursani
garlic,lasun;garlic clove;garlic cloves;ginger-garlic paste;garlic paste
ginger,aduwa;fresh ginger;gingerroot;ginger paste;ginger powder
green chili,hariyo khursani;green chilies;green chili peppers;jalapeno;jalapenos
sugar,chini
jaggery,gud
chaku,
honey,
tomato ketchup,
green chutney,
mint chutney,
pickle,achar
tomato achar,
mexican seasoning,
mixed spice,
tabasco sauce,
hot sauce,
oregano leaves,dried oregano;oregano
chili powder,mexican chili powder
paprika,
cayenne pepper,cayenne
white pepper,white peppercorns
soy sauce,low sodium soy sauce
radish pickle,mula ko achar
potato,aloo;potatoes
onion,pyaj;onions;white onion;white onions;red onion;red onions;yellow onion;yellow onions
tomato,golbheda;tomatoes;plum tomato;plum tomatoes;roma tomato;roma tomatoes;fresh tomato;fresh tomatoes;chopped tomato;chopped tomatoes
cauliflower,kauli
cabbage,bandakopi
spinach,palungo;spinach leaves;fresh spinach;frozen spinach;frozen chopped spinach
pumpkin,farsi
radish,mula;white radish
carrot,gajar;carrots
cucumber,kakro;cucumbers
capsicum,bhindi khursani;bell pepper;green pepper;green peppers;green bell pepper;green bell peppers
green bean,simi
green pea,matar
eggplant,bhanta;eggplants;aubergine;aubergines
chayote squash,iskus
bitter gourd,karela
bamboo shoots,tama
fiddlehead fern,ningro
stinging nettle,sisnu
mustard greens,rayo ko saag
pumpkin shoots,farsi ko munta
pumpkin flowers,farsi ko phool
sweet potato,
yam,tarul
fresh coriander,cilantro;dhaniya;fresh cilantro;coriander leaves
spring onion,green onion;green onions;scallion;scallions;spring onions
gundruk,fermented leafy greens
sinki,fermented radish
khalpi,fermented cucumber
mushroom,chyau;mushrooms;white mushroom;white mushrooms;button mushroom;button mushrooms;fresh mushrooms;sliced mushrooms
zucchini,courgette;courgettes
celery,
broccoli,
bell pepper,red bell pepper;red bell peppers;red pepper;red peppers
corn,sweet corn;makai;corn kernels;whole kernel corn;ear of corn;corn kernel
lettuce,salad patta
olive,ripe olive
winter squash,
okra,bhindi
mint leaves,pudina
parsley,fresh parsley;dried parsley;parsley flakes
basil,fresh basil;dried basil
rice,chamal;white rice;steamed rice;cooked rice
beaten rice,chiura
puffed rice,muri
all-purpose flour,maida;flour;plain flour
whole wheat flour,atta
rice flour,chamal ko pitho
gram flour,besan
buckwheat flour,phapar ko pitho
finger millet flour,kodo ko pitho
corn flour,makai ko pitho
sooji,semolina;rava
maize flour,makai ko pitho
barley flour,jau ko pitho
roasted wheat flour,
noodle,chow chow
flat wheat noodles,
seviyan,vermicelli
bread,
crackers,
cornmeal,yellow cornmeal
fettuccine pasta,fettuccine
lasagna noodle,lasagna noodles
ciabatta,
spaghetti,spaghetti pasta
mung bean flour,
chicken,kukhura ko masu;chicken breast;chicken breasts;boneless chicken breast;boneless chicken breasts;boneless skinless chicken breast;boneless skinless chicken breasts;chicken thighs
ground chicken,minced chicken
boneless chicken,chicken
chicken with bone,chicken
buff meat,bhaisi ko masu
ground buff,ground buff meat;raw minced buff meat
boneless buff,boneless buff meat
buff tripe,
buff intestine,
goat meat,khasi ko masu;goat meat with bone
goat liver,kalejo
bone marrow,
fish,maachha;whole fish
fish head,
fish bone,
fish steak,
egg,anda;eggs
boiled egg,anda ko pila;boiled eggs
split yellow lentils,moong dal;lentil;lentils
red split lentils,masoor dal;lentil;lentils
black lentils,maas ko dal;urad dal;black lentil;lentil;lentils
whole black lentils,whole black lentil;lentil;lentils
lentils,dal;lentil;split yellow lentils;red split lentils;black lentils;whole black lentils;split yellow moong lentils
split yellow moong lentils,split yellow moong lentil;lentil;lentils
chickpea,chana;chickpeas
black eyed peas,bodi;black eyed pea;peas;pea
dried yellow peas,dried yellow pea;peas;pea
soybean,bhatmas;soybeans;dry soybeans
black soybean,soybean
mixed sprouted beans,kwati;sprouted beans
roasted soybean powder,
kinema,fermented soybean
ground beef,lean ground beef;extra lean ground beef;ground chuck;90% lean ground beef
beef,stewing beef
pork,ground pork;stewing pork
italian sausage,sausage
genoa salami,
ham,
almond,badam;almonds
pistachio,pista;pistachios
cashew,kaju;cashews
peanut,badam;peanuts
roasted peanuts,
walnut,
chopped nuts,
snails,ghonghi
black lentil paste,
milk,dudh;1% low-fat milk;2% low-fat milk
whole milk,
plain yogurt,dahi;soy yogurt
yogurt,dahi;plain yogurt
yogurt culture,
butter,makkhan;margarine
ghee,ghiu
chhurpi,himalayan hard cheese
khoya,khuwa
cheddar cheese,low-fat cheddar cheese;2% cheddar cheese
mozzarella cheese,part-skim mozzarella cheese;lowfat mozzarella cheese
parmesan cheese,fresh parmesan cheese
ricotta cheese,
cottage cheese,
provolone cheese,
monterey jack cheese,
cream,35% cream;half-and-half
condensed milk,
lemon,kagati
lime,nibuwa
lemon juice,
lime juice,
banana,kera
ripe banana,
lapsi,hog plum
mango,
pomegranate seeds,
coconut,nariwal
grated coconut,
tamarind pulp,imli
raisins,
avocado,
mustard oil,tori ko tel
vegetable oil,canola oil
sesame oil,
olive oil,extra virgin olive oil
butter,
ghee,
vegetable shortening,
baking powder,
baking soda,
vegetable broth,
chicken broth,
black tea leaves,tea leaves
cardamom,
buff meat with bone,
sukuti,dried meat
soybean powder,
wai wai noodles,
raw rice,
wheat flour,
finger millet,
boiled potato,
baby potato,
green leafy vegetables,
garlic paste,
sesame powder,
dalle khursani,round chili
akabare chili,small hot chili
chopped pistachio,
yeast,
