recipe_name,cuisine,recipe_type,ingredients,instructions
arriba   baked winter squash mexican style,mexican,side dish,"['winter squash', 'mexican seasoning', 'mixed spice', 'honey', 'butter', 'olive oil', 'salt']","['make a choice and proceed with recipe', 'depending on size of squash , cut into half or fourths', 'remove seeds', 'for spicy squash , drizzle olive oil or melted butter over each cut squash piece', 'season with mexican seasoning mix ii', 'for sweet squash , drizzle melted honey , butter , grated piloncillo over each cut squash piece', 'season with sweet mexican spice mix', 'bake at 350 degrees , again depending on size , for 40 minutes up to an hour , until a fork can easily pierce the skin', 'be careful not to burn the squash especially if you opt to use sugar or butter', 'if you feel more comfortable , cover the squash with aluminum foil the first half hour , give or take , of baking', 'if desired , season with salt']"
global gourmet  taco casserole,mexican,main dish,"['ground beef', 'onion', 'tomato sauce', 'taco sauce', 'salt', 'pepper', 'tabasco sauce', 'hot chili pepper', 'cornmeal', 'whole kernel corn', 'sliced ripe olives', 'cheddar cheese']","['heat oven to 375 degrees', 'brown ground beef and onion over medium heat', 'drain', 'stir in tomato sauce , taco or other sauce , salt , pepper , tabasco , chiles , and cornmeal , adjusting for""hot"" taste preference and desired thickness', 'stir in more cornmeal , if desired', 'stir in corn and olives', 'transfer mixture to casserole dish', 'cover and bake for 30 to 40 minutes , or until bubbly and heated through', 'top with cheese immediately on removing from oven so cheese melts', 'garnish with corn chips just before serving to keep them crisp', 'serve with a cool fresh vegetable such as cucumber slices , avocado , or lettuce leaves , if desired']"
killer  lasagna,italian,main dish,"['italian sausage', 'ground beef', 'garlic', 'dried basil', 'salt', 'whole tomato', 'tomato paste', 'ricotta cheese', 'cottage cheese', 'parmesan cheese', 'parsley flakes', 'eggs', 'ground black pepper', 'lasagna noodle', 'mozzarella cheese']","['brown the sausage and ground meat and drain all the fat', 'add all the other ingredients for the meat filling and simmer on the stove , uncovered , for about 1 / 2 hour', 'i usually add a bay leaf or two', 'mix up the cheese filling and set aside in fridge until ready to use', 'put the noodles in salted water and cook until soft when poked with a fork', 'when the noodles are done , drain the noodles and rinse off with cold water so they can be handled easily', 'spray the baking pan with a non-stick spray and put a layer of noodles down on the bottom of the pan', 'it is ok to cut some of the noodles to fit into the pan if they do not fit whole', 'spread half the cheese filling over the noodels , then half of the mozarella cheese on top of that , then half of the meat sauce over the grated mozarella cheese', 'repeat layers and then top with more mozarella cheese', 'bake at 375 degrees for 30 minutes', 'let stand for 10 minutes before cutting into it', 'leftovers can be easily stored in the freezer']"
mexican pasta,mexican,side dish,"['fettuccine pasta', 'cheddar cheese soup', 'milk', 'picante sauce', 'black olives', 'jalapeno']","['boil pasta as directed on package', 'drain and put in large serving bowl', 'mix picante sauce , milk , and cheese soup in a smaller bowl until creamy', 'heat in microwave until warm', 'mix sauce and pasta together and garnish with olives and jalepenos if desired']"
munch without guilt  tomatoes,indian,salad,"['tomatoes', 'crackers', 'mayonnaise', 'black pepper']","['put a slice of tomato on each biscuit / cracker', 'smear with little mayo and sprinkle black pepper', 'munch without guilt !']"
my muffuletta sandwich,italian,lunch,"['ciabatta', 'provolone cheese', 'genoa salami', 'ham', 'tomatoes', 'sweet onion', 'green olives', 'kalamata olive', 'fresh basil', 'capers', 'garlic', 'brine', 'oregano leaves', 'olive oil', 'red wine vinegar', 'fresh parsley', 'carrot']","['mix everything in food processor', 'chop fine for spread', 'refrigerate until ready to use']"
now and later  vegetarian empanadas,mexican,main dish,"['carrots', 'butter', 'onion', 'sliced mushrooms', 'zucchini', 'celery', 'green pepper', 'cloves', 'tomatoes', 'chili powder', 'ground cumin', 'oregano', 'cayenne pepper', 'flour', 'water', 'monterey jack cheese', 'salt', 'all-purpose flour', 'baking powder', 'vegetable shortening', 'soy sauce', 'egg']","['in a pot , cover carrots with water to cover', 'bring to a boil , then lower heat', 'simmer 10 minutes or until just tender', 'while simmering carrots , pour contents of can of tomatoes into a bowl and squish into little pieces with your hands', 'wash hands', 'blend chili powder , cumin , oregano , and cayenne into tomatoes', 'take the 2 tbs of flour and blend with 1 / 4 cup cold water in a small cup', 'pour this into tomato mixture and stir to blend', 'drain carrots , and cut into 3 / 4 in pieces', 'put both aside for now', 'melt butter on medium heat in a large fring pan', 'add onion , mushrooms , zucchini , celery , green pepper , and garlic and saute', 'stir continuously until onion is limp', 'stir tomato mixture into frying pan and bring to a simmer', 'cover and simmer for 2 or 3 minutes , then uncover and cook for about 5 minutes over med-high heat until liquid has evaporated', 'stir in carrots and cheese', 'salt to taste', 'when cheese has melted put pan in refrigerator to quickly cool vegetables', 'stir now and then to help cool faster', 'now , begin empanada crust', 'resift flour with baking powder in a bowl', 'quickly cut butter and shortening into bowl until it looks like a coarse meal', 'make a well in the center', 'add soy sauce and cold water together', 'stir vigorously with a fork until dough follows the fork around bowl', 'personal observation: the dough seems rather""frothy"" at this point', 'turn dough onto a lightly floured surface and knead gently for about 10 folds to remove stickyness', 'divide dough into 8 equal pieces', 'make into a ball and roll into an 8 inch circle', 'spoon about 3 / 4 cup vegetable filling onto center of circle', 'moisten edges of circle with water and bring together at top , pinching and fluting edges', 'mine looked like balls of dough and turned out fine', 'lift empanada onto ungreased cookie sheet', 'repeat until done', 'if you fill more than one cookie sheet put the full one in the refrigerator', 'when done , prick the top of each empanada with a fork and brush with egg and water mixture', 'if you are going to cook some of them right away , pre-heat oven to 400 and cook 25 to 30 minutes on an ungreased cookie sheet', 'take the ones for later and freeze uncovered on cookie sheet overnight', 'when frozen solid wrap in foil or put in freezer bags', 'label with instructions: bake uncovered in pre-heated 425 degree oven for 30 minutes', 'let cool some before serving']"
pour over anything  mushroom gravy,indian,main dish,"['onion', 'mushroom pieces', 'sodium-free vegetable broth', 'tomato puree', 'cornstarch', 'white wine', 'black pepper', 'tabasco sauce']","['in a small saucepan , saut onion and mushrooms in a small amount oil', 'mix dissolved cornstarch into a cup of vegetable broth', 'slowly add to onions and mushrooms', 'add the other ingredients too', 'check the seasonings and cook gently until thickened', 'use on vegetables , over cooked rice or noodles , in casseroles , or over mashed potatoes']"
sour cream  avocado dip  vegan,mexican,appetizer,"['soft silken tofu', 'avocado', 'chunky salsa', 'fresh cilantro', 'lime juice', 'hot sauce', 'salt and pepper']","['peel and pit avocado , put in a large mixing bowl', 'add entire block of tofu and salsa', 'combine ingredients using a hand mixer on medium speed for about 1 minute or until the mixture becomes smooth', 'add remaining ingredients , mix on low speed until all ingredients are blended together', 'chill for one hour and serve', 'store leftovers in the fridge in an air-tight container']"
tide me over   indian chaat  simple veggie salad,indian,lunch,"['cucumber', 'potato', 'chopped tomato', 'plain yogurt', 'chat masala', 'paprika', 'salt']","['toss everything well in a serving bowl', 'grab a fork or large spoon and eat immediately , or refrigerate until hunger strikes , and then eat !', 'feel extremely pleased with yourself that you snacked on this instead of that bag of chips you were eyeing', 'proceed to eat several helpings of dessert after dinner as reward']"
truth serum  margaritas,mexican,beverage,"['limeade', 'lime juice', 'tequila', 'triple sec', 'lime wedge', 'grand marnier']","['mix limeade , lime juice , tequila and triple sec in a pitcher and refrigerate', 'serve in salted glasses with plenty of ice--skip the blender , just serve on the rocks', 'garnish with lime wedge& a splash of grand marnier']"
voodoo   calamari ink  pasta,italian,main dish,"['squid', 'spaghetti', 'dry white wine', 'tomato sauce', 'parsley', 'garlic', 'extra virgin olive oil', 'hot water', 'salt and pepper']","['separate tentacls and the body of the calamri , then gut them , setting aside the ink sak', 'wash calamari under cold water , dice the body into rings , and chop the tentacles', 'heat garlic in oil without browning', 'add parsley , ground pepper', 'cover and let it simmer for 45min', 'check from time to time', ""if it's sticking , add some hot water"", 'once it has simmered , mix the tomato sauce with the white wine and add it to the pot', 'simmer for 20 minutes more , uncovered , then dilute the sauce with a little hot water and simmer for a half hour more , covered', '30 minutes before meal , cook pasta al dante', 'now you can add the ink to the sauce , as much as you like', 'serve sauce over pasta with the rest of the white wine']"
1 favorite chinese steamed whole fish by sy,chinese,main dish,"['fish', 'scallions', 'rice wine', 'peanut oil', 'sesame oil', 'white pepper', 'salt', 'gingerroot', 'low sodium soy sauce']","['clean and scale the fish and remove the insides , however , leave the head and tail on', 'rinse under cold water and then pat dry', 'place the fish in an oblong oven proof / microwave proof dish and add a little rice wine to both sides', 'after 5 minutes , remove the wine', 'place two whole scallions under the fish to prop the fish up , which will allow steam to flow underneath', 'steaming the fish: place water in a large wok and using a flat round trivet on top of the wok , bring water to a boil', 'place the fish plate on the trivet and cover', 'steam the fish for about 10-15 minutes , use a fork to poke the flesh of the fish to see that it is done', 'remove the fish plate from the wok , pour off the cloudy liquid , discard the scallions and then place the plate in the kitchen sink', 'as an alternative for steaming , put plastic wrap over the fish plate and then into the microwave oven', 'microwave on high for about 5-6 minutes', 'check for doneness as', 'sprinkle the fish with pepper& salt', 'spread over the fish the scallions and ginger strips', 'in a small frying pan add the peanut& sesame oil and heat just to smoking', 'then pour smoking oil over the fish , be careful with the oil splattering', 'next add the soya sauce', 'serve hot with white rice and chinese vegetables toped with oyster sauce !']"
10 can spaghetti sauce   oamc,italian,main dish,"['tomato sauce', 'italian sausage', 'olive oil', 'white onion', 'bottled garlic', 'sugar', 'paprika', 'dried parsley', 'dried oregano', 'dried basil', 'garlic powder', 'bay leaves', 'salt', 'pepper']","['brown sausage in pan , crumbling with spatula , until no pink remains', 'drain and rinse', 'put into a 5 quart crockpot', 'saute onions and garlic in olive oil until translucent and golden but not brown', 'add all the spices and mix well', 'turn off the heat and let the spices mingle for about 10 minutes', 'the heat will let the oils release from the dried herbs', 'add the tomato sauce and spice mixture to the meat in the crockpot and stir to mix', 'cook on high for 1 hour and then low for 7-8 hours', 'use over pasta', 'if freezing , cool sauce and pour into quart sized freezer bags', 'remove all the air and place flat on a cookie sheet and put into freezer', 'when frozen , they will stand up like records in the freezer']"
50 chili   for the crockpot,mexican,main dish,"['stewing beef', 'stewing pork', 'white onion', 'bell peppers', 'habanero pepper', 'garlic', 'beans', 'chunky salsa', 'tomato paste', 'beef broth', 'tortilla chips', 'chicken bouillon cube', 'beef bouillon cube', 'sazon goya', 'cinnamon', 'mexican chili powder', 'cumin', 'ground coriander', 'black pepper', 'salt', 'light brown sugar', 'dark chocolate chips']","['combine all ingredients in a 7-quart crockpot', 'it might be easier to combine in a larger vessel , mix , and then transfer to your crockpot', 'cook on ""high"" for 5 hours , or ""low"" for 8 hours', 'i typically serve the chili over a bed of whole tostito chips , with a layer of shredded cheese in between']"
coal miners  gnocchi,italian,main dish,"['simply potatoes traditional mashed potatoes', 'green onion', 'goat cheese', 'eggs', 'egg yolk', 'all-purpose flour', 'bacon', 'garlic cloves', 'frozen spinach', 'salt']","['prepare potatoes per package instructions', 'add onions and 4oz of goat cheese', 'reserve 2 cups of the mashed potatoes to make your gnocchi', 'add 1 large egg yolk and 1 cup of flour to the mashed potatoes', 'add more flour if needed and a pinch of salt', 'the mixture should be a dough consistency', 'turn dough out onto a board and knead very little , just enough to get everything mixed together', 'cut dough into 4 pieces', 'roll each of the 4 pieces into log shapes about the size of your index finger', 'cut each log into 1 / 2"" pieces', 'bring a pot of water to a boil', 'while water is coming to temp , saute bacon till fat has rendered', 'defrost spinach in microwave', 'drain spinach and making sure all liquid is out of the spinach', 'beat 2 large eggs in a separate bowl', 'remove skillet of bacon and garlic from the heat add hot gnocchi and toss', 'when coated with fat add the spinach and the beaten eggs', 'whisk till thick and sauce is created', 'be careful not to scramble the eggs', 'crumble leftover goat cheese if you have and left', 'enjoy']"
creamy  chicken curry,indian,main dish,"['boneless skinless chicken breasts', 'garlic cloves', 'soy yogurt', 'turmeric', 'onions', 'chicken stock', 'cardamom pods', 'cinnamon stick', 'black peppercorns', 'cloves', 'coriander seed', 'fresh ginger', 'ground cumin', 'chili powder', 'salt & freshly ground black pepper', 'fresh coriander']","['slice the chicken and place in a bowl', 'peel and crush the garlic , mix with the soya yogurt and turmeric and pour over the chicken', 'cover and leave to marinate in the fridge for at least 4 hours or overnight if possible', 'peel and slice the onions and place in a pan with the stock', 'cover the pan , bring to the boil and cook for 10 minutes', 'reduce the heat , uncover and cook gently for 20 minutes until the onions are tender and golden', 'finely chop ginger and crush coriander seeds', 'add all the spices to the pan and cook for 3-4 minutes', 'then add the chicken and soya yogurt marinade', 'cover and simmer very gently over a low heat for 15 minutes until the chicken is cooked', 'season with salt and pepper', 'serve immediately with freshly chopped coriander']"
denauseating  with ginger tea,indian,breakfast,"['water', 'ginger', 'tea bag', 'honey', 'milk']","['bring water to boil with crushed ginger in it', 'let it simmer for 5-7 minutes on medium heat', 'strain and pour in the cup / mug , add tea bag and stir honey', 'you can add a dash of milk if you want', 'it is very good to sip anyway']"
egg  cellent noodles,italian,main dish,"['ramen noodles', 'eggs', 'red bell pepper', 'black olives', 'pepperoni', 'italian seasoning', 'garlic powder', 'mozzarella cheese', 'roma tomato']","['spray oven-proof skillet with cooking spray and pre-heat oven to 350 degrees', 'prepare ramen noodles according to directions', 'drain noodles and spread into the bottom of skillet', 'in mixing bowl , beat eggs', 'stir in pepper , olives , italian seasoning , and garlic powder', 'pour egg mixture over noodles', 'place pepperoni slices evenly over eggs and noodles', 'bake in oven for 15 minutes', 'remove skillet from oven', 'top with mozzarella cheese and tomato slices', 'return to oven and bake for 5 minutes or until cheese is melted and eggs are done']"
leftover  lo mein for two,chinese,main dish,"['cooked pasta', 'carrots', 'peas', 'egg', 'cooked chicken', 'soy sauce', 'chicken broth']","['combine everything but pasta on stove top and heat until bubbling', 'add pasta and serve']"
meal in a bowl   guacamole salad,mexican,salad,"['lettuce', 'tomatoes', 'pitted ripe olives', 'green onion', 'corn chips', 'tuna', 'cheddar cheese', 'avocado', 'lemon juice', 'sour cream', 'salad oil', 'garlic clove', 'sugar', 'chili powder', 'salt', 'tabasco sauce']","['to make the salad: have all ingredients chilled', 'break the lettuce into a serving bowl', 'add other ingredients except cheese', 'toss lightly with avocado dressing', 'top with grated cheese', 'to make the avocado dressing: put all ingredients in the blender and blend well']"
no copycats here   homemade chicken tortilla soup,mexican,soup,"['chicken breast', 'salt and pepper', 'cumin', 'celery ribs', 'green bell pepper', 'white onion', 'ear of corn', 'fresh cilantro', 'jalapeno pepper', 'chipotle chiles in adobo', 'crushed tomatoes', 'chicken broth', 'avocado']","['add 1 tbsp of olive oil to your soup pot , let heat on medium heat for about 3 minutes prior to adding chicken', 'salt and pepper chicken breasts', 'i like to cut the cooking time down , so i slice my chicken in half to thin it out', 'sprinkle with cumin on both sides and add chicken to the pan', 'cook until both sides are golden brown', 'remove the chicken from the pan and set aside for at least 10 minutes to cool prior to cutting in thin slices', 'cut up celery , bell pepper , onion and jalapeo and add to the pan on medium heat', 'let this cook for about 5 minutes prior to adding the corn', 'cut the corn off the cobb and add to the hot pan', 'let all veggies cook for 10 minutes on medium heat', 'chop up the two chipotle peppers and add to the pan with the one teaspoon of the sauce that covers the peppers', 'let cook for two minutes prior to adding the can of crushed tomatoes', 'let this all simmer together for 2 minutes and then add the box of chicken broth', 'add in 2 tbsps of the chopped cilantro and let soup boil for about 3 minutes', 'bring soup down to a simmer for about 20 minutes to let the flavors melt together', 'serve by garnishing with the remainder of cilantro and an avocado slice']"
not  lasagna,italian,main dish,"['lean ground beef', 'spaghetti sauce', 'italian seasoning', 'garlic salt', 'cheese ravioli', 'mozzarella cheese']","['preheat oven to 350f', 'spray an 8-inch glass baking dish with non-stick spray', 'measure 1 / 2 cup spaghetti sauce from jar and spread evenly on bottom of dish', 'brown ground beef in a skillet over medium heat', 'drain and return to skillet', 'add remaining spaghetti sauce , italian seasoning and garlic salt', 'simmer for 5 minutes', 'layer half of ravioli on the sauce in the dish', 'spread half of the beef mixture over the ravioli and top with 1 cup of the mozzarella cheese', 'repeat layers one more time , ending with cheese', 'bake for 1 hour', 'allow to stand for 5 minutes before serving']"
